kNN,RF,GB,AB
0.12633832976445397,0.09032509246642009,0.08682110181039517,0.08876776328596457
0.5554353704705246,0.5002704164413196,0.494862087614927,0.4975662520281233
