kNN,RF,GB,AB
0.05915894511760513,0.05203136136849608,0.07080066524114992,0.06414825374198146
0.3053839364518976,0.2833186231244484,0.3662842012356575,0.3353927625772286
