kNN,RF,GB,AB
0.08143322475570032,0.08070937386898298,0.08722403184943901,0.09627216793340572
0.5022246941045606,0.5222469410456062,0.5389321468298109,0.5700778642936596
