kNN,RF,GB,AB
0.03294289897510981,0.020314787701317717,0.04300878477306003,0.039897510980966326
0.21809369951534732,0.11389337641357028,0.2633279483037157,0.26009693053311794
