kNN,RF,GB,AB
0.08669683257918552,0.08235294117647059,0.08470588235294117,0.09737556561085974
0.533555185801442,0.5241264559068219,0.5363283416528009,0.5657237936772047
