kNN,RF,GB,AB
0.07587768969422423,0.0768484064067303,0.07992234266299951,0.07458340074421614
0.4316326530612245,0.5454081632653062,0.5673469387755102,0.55
